0.5,0
0.5,0.001
0.5,0.002
0.5,0.003
0.5,0.004
0.5,0.005
0.5,0.006
0.5,0.007
0.5,0.008
0.5,0.009
0.5,0.01
0.5,0.011
0.5,0.012
0.5,0.013
0.5,0.014
0.5,0.015
0.5,0.016
0.5,0.017
0.5,0.018
0.5,0.019
0.5,0.02
0.5,0.021
0.5,0.022
0.5,0.023
0.5,0.024
0.5,0.025
0.5,0.026
0.5,0.027
0.5,0.028
0.5,0.029
0.5,0.03
0.5,0.031
0.5,0.032
0.5,0.033
0.5,0.034
0.5,0.035
0.5,0.036
0.5,0.037
0.5,0.038
0.5,0.039
0.5,0.04
0.5,0.041
0.5,0.042
0.5,0.043
0.5,0.044
0.5,0.045
0.5,0.046
0.5,0.047
0.5,0.048
0.5,0.049
0.5,0.05
0.5,0.051
0.5,0.052
0.5,0.053
0.5,0.054
0.5,0.055
0.5,0.056
0.5,0.057
0.5,0.058
0.5,0.059
0.5,0.06
0.5,0.061
0.5,0.062
0.5,0.063
0.5,0.064
0.5,0.065
0.5,0.066
0.5,0.067
0.5,0.068
0.5,0.069
0.5,0.07
0.5,0.071
0.5,0.072
0.5,0.073
0.5,0.074
0.5,0.075
0.5,0.076
0.5,0.077
0.5,0.078
0.5,0.079
0.5,0.08
0.5,0.081
0.5,0.082
0.5,0.083
0.5,0.084
0.5,0.085
0.5,0.086
0.5,0.087
0.5,0.088
0.5,0.089
0.5,0.09
0.5,0.091
0.5,0.092
0.5,0.093
0.5,0.094
0.5,0.095
0.5,0.096
0.5,0.097
0.5,0.098
0.5,0.099
0.5,0.1
0.5,0.101
0.5,0.102
0.5,0.103
0.5,0.104
0.5,0.105
0.5,0.106
0.5,0.107
0.5,0.108
0.5,0.109
0.5,0.11
0.5,0.111
0.5,0.112
0.5,0.113
0.5,0.114
0.5,0.115
0.5,0.116
0.5,0.117
0.5,0.118
0.5,0.119
0.5,0.12
0.5,0.121
0.5,0.122
0.5,0.123
0.5,0.124
0.5,0.125
0.5,0.126
0.5,0.127
0.5,0.128
0.5,0.129
0.5,0.13
0.5,0.131
0.5,0.132
0.5,0.133
0.5,0.134
0.5,0.135
0.5,0.136
0.5,0.137
0.5,0.138
0.5,0.139
0.5,0.14
0.5,0.141
0.5,0.142
0.5,0.143
0.5,0.144
0.5,0.145
0.5,0.146
0.5,0.147
0.5,0.148
0.5,0.149
0.5,0.15
0.5,0.151
0.5,0.152
0.5,0.153
0.5,0.154
0.5,0.155
0.5,0.156
0.5,0.157
0.5,0.158
0.5,0.159
0.5,0.16
0.5,0.161
0.5,0.162
0.5,0.163
0.5,0.164
0.5,0.165
0.5,0.166
0.5,0.167
0.5,0.168
0.5,0.169
0.5,0.17
0.5,0.171
0.5,0.172
0.5,0.173
0.5,0.174
0.5,0.175
0.5,0.176
0.5,0.177
0.5,0.178
0.5,0.179
0.5,0.18
0.5,0.181
0.5,0.182
0.5,0.183
0.5,0.184
0.5,0.185
0.5,0.186
0.5,0.187
0.5,0.188
0.5,0.189
0.5,0.19
0.5,0.191
0.5,0.192
0.5,0.193
0.5,0.194
0.5,0.195
0.5,0.196
0.5,0.197
0.5,0.198
0.5,0.199
0.5,0.2
0.5,0.201
0.5,0.202
0.5,0.203
0.5,0.204
0.5,0.205
0.5,0.206
0.5,0.207
0.5,0.208
0.5,0.209
0.5,0.21
0.5,0.211
0.5,0.212
0.5,0.213
0.5,0.214
0.5,0.215
0.5,0.216
0.5,0.217
0.5,0.218
0.5,0.219
0.5,0.22
0.5,0.221
0.5,0.222
0.5,0.223
0.5,0.224
0.5,0.225
0.5,0.226
0.5,0.227
0.5,0.228
0.5,0.229
0.5,0.23
0.5,0.231
0.5,0.232
0.5,0.233
0.5,0.234
0.5,0.235
0.5,0.236
0.5,0.237
0.5,0.238
0.5,0.239
0.5,0.24
0.5,0.241
0.5,0.242
0.5,0.243
0.5,0.244
0.5,0.245
0.5,0.246
0.5,0.247
0.5,0.248
0.5,0.249
0.5,0.25
0.5,0.251
0.5,0.252
0.5,0.253
0.5,0.254
0.5,0.255
0.5,0.256
0.5,0.257
0.5,0.258
0.5,0.259
0.5,0.26
0.5,0.261
0.5,0.262
0.5,0.263
0.5,0.264
0.5,0.265
0.5,0.266
0.5,0.267
0.5,0.268
0.5,0.269
0.5,0.27
0.5,0.271
0.5,0.272
0.5,0.273
0.5,0.274
0.5,0.275
0.5,0.276
0.5,0.277
0.5,0.278
0.5,0.279
0.5,0.28
0.5,0.281
0.5,0.282
0.5,0.283
0.5,0.284
0.5,0.285
0.5,0.286
0.5,0.287
0.5,0.288
0.5,0.289
0.5,0.29
0.5,0.291
0.5,0.292
0.5,0.293
0.5,0.294
0.5,0.295
0.5,0.296
0.5,0.297
0.5,0.298
0.5,0.299
0.5,0.3
0.5,0.301
0.5,0.302
0.5,0.303
0.5,0.304
0.5,0.305
0.5,0.306
0.5,0.307
0.5,0.308
0.5,0.309
0.5,0.31
0.5,0.311
0.5,0.312
0.5,0.313
0.5,0.314
0.5,0.315
0.5,0.316
0.5,0.317
0.5,0.318
0.5,0.319
0.5,0.32
0.5,0.321
0.5,0.322
0.5,0.323
0.5,0.324
0.5,0.325
0.5,0.326
0.5,0.327
0.5,0.328
0.5,0.329
0.5,0.33
0.5,0.331
0.5,0.332
0.5,0.333
0.5,0.334
0.5,0.335
0.5,0.336
0.5,0.337
0.5,0.338
0.5,0.339
0.5,0.34
0.5,0.341
0.5,0.342
0.5,0.343
0.5,0.344
0.5,0.345
0.5,0.346
0.5,0.347
0.5,0.348
0.5,0.349
0.5,0.35
0.5,0.351
0.5,0.352
0.5,0.353
0.5,0.354
0.5,0.355
0.5,0.356
0.5,0.357
0.5,0.358
0.5,0.359
0.5,0.36
0.5,0.361
0.5,0.362
0.5,0.363
0.5,0.364
0.5,0.365
0.5,0.366
0.5,0.367
0.5,0.368
0.5,0.369
0.5,0.37
0.5,0.371
0.5,0.372
0.5,0.373
0.5,0.374
0.5,0.375
0.5,0.376
0.5,0.377
0.5,0.378
0.5,0.379
0.5,0.38
0.5,0.381
0.5,0.382
0.5,0.383
0.5,0.384
0.5,0.385
0.5,0.386
0.5,0.387
0.5,0.388
0.5,0.389
0.5,0.39
0.5,0.391
0.5,0.392
0.5,0.393
0.5,0.394
0.5,0.395
0.5,0.396
0.5,0.397
0.5,0.398
0.5,0.399
0.5,0.4
0.5,0.401
0.5,0.402
0.5,0.403
0.5,0.404
0.5,0.405
0.5,0.406
0.5,0.407
0.5,0.408
0.5,0.409
0.5,0.41
0.5,0.411
0.5,0.412
0.5,0.413
0.5,0.414
0.5,0.415
0.5,0.416
0.5,0.417
0.5,0.418
0.5,0.419
0.5,0.42
0.5,0.421
0.5,0.422
0.5,0.423
0.5,0.424
0.5,0.425
0.5,0.426
0.5,0.427
0.5,0.428
0.5,0.429
0.5,0.43
0.5,0.431
0.5,0.432
0.5,0.433
0.5,0.434
0.5,0.435
0.5,0.436
0.5,0.437
0.5,0.438
0.5,0.439
0.5,0.44
0.5,0.441
0.5,0.442
0.5,0.443
0.5,0.444
0.5,0.445
0.5,0.446
0.5,0.447
0.5,0.448
0.5,0.449
0.5,0.45
0.5,0.451
0.5,0.452
0.5,0.453
0.5,0.454
0.5,0.455
0.5,0.456
0.5,0.457
0.5,0.458
0.5,0.459
0.5,0.46
0.5,0.461
0.5,0.462
0.5,0.463
0.5,0.464
0.5,0.465
0.5,0.466
0.5,0.467
0.5,0.468
0.5,0.469
0.5,0.47
0.5,0.471
0.5,0.472
0.5,0.473
0.5,0.474
0.5,0.475
0.5,0.476
0.5,0.477
0.5,0.478
0.5,0.479
0.5,0.48
0.5,0.481
0.5,0.482
0.5,0.483
0.5,0.484
0.5,0.485
0.5,0.486
0.5,0.487
0.5,0.488
0.5,0.489
0.5,0.49
0.5,0.491
0.5,0.492
0.5,0.493
0.5,0.494
0.5,0.495
0.5,0.496
0.5,0.497
0.5,0.498
0.5,0.499
0.5,0.5
0.5,0.501
0.5,0.502
0.5,0.503
0.5,0.504
0.5,0.505
0.5,0.506
0.5,0.507
0.5,0.508
0.5,0.509
0.5,0.51
0.5,0.511
0.5,0.512
0.5,0.513
0.5,0.514
0.5,0.515
0.5,0.516
0.5,0.517
0.5,0.518
0.5,0.519
0.5,0.52
0.5,0.521
0.5,0.522
0.5,0.523
0.5,0.524
0.5,0.525
0.5,0.526
0.5,0.527
0.5,0.528
0.5,0.529
0.5,0.53
0.5,0.531
0.5,0.532
0.5,0.533
0.5,0.534
0.5,0.535
0.5,0.536
0.5,0.537
0.5,0.538
0.5,0.539
0.5,0.54
0.5,0.541
0.5,0.542
0.5,0.543
0.5,0.544
0.5,0.545
0.5,0.546
0.5,0.547
0.5,0.548
0.5,0.549
0.5,0.55
0.5,0.551
0.5,0.552
0.5,0.553
0.5,0.554
0.5,0.555
0.5,0.556
0.5,0.557
0.5,0.558
0.5,0.559
0.5,0.56
0.5,0.561
0.5,0.562
0.5,0.563
0.5,0.564
0.5,0.565
0.5,0.566
0.5,0.567
0.5,0.568
0.5,0.569
0.5,0.57
0.5,0.571
0.5,0.572
0.5,0.573
0.5,0.574
0.5,0.575
0.5,0.576
0.5,0.577
0.5,0.578
0.5,0.579
0.5,0.58
0.5,0.581
0.5,0.582
0.5,0.583
0.5,0.584
0.5,0.585
0.5,0.586
0.5,0.587
0.5,0.588
0.5,0.589
0.5,0.59
0.5,0.591
0.5,0.592
0.5,0.593
0.5,0.594
0.5,0.595
0.5,0.596
0.5,0.597
0.5,0.598
0.5,0.599
0.5,0.6
0.5,0.601
0.5,0.602
0.5,0.603
0.5,0.604
0.5,0.605
0.5,0.606
0.5,0.607
0.5,0.608
0.5,0.609
0.5,0.61
0.5,0.611
0.5,0.612
0.5,0.613
0.5,0.614
0.5,0.615
0.5,0.616
0.5,0.617
0.5,0.618
0.5,0.619
0.5,0.62
0.5,0.621
0.5,0.622
0.5,0.623
0.5,0.624
0.5,0.625
0.5,0.626
0.5,0.627
0.5,0.628
0.5,0.629
0.5,0.63
0.5,0.631
0.5,0.632
0.5,0.633
0.5,0.634
0.5,0.635
0.5,0.636
0.5,0.637
0.5,0.638
0.5,0.639
0.5,0.64
0.5,0.641
0.5,0.642
0.5,0.643
0.5,0.644
0.5,0.645
0.5,0.646
0.5,0.647
0.5,0.648
0.5,0.649
0.5,0.65
0.5,0.651
0.5,0.652
0.5,0.653
0.5,0.654
0.5,0.655
0.5,0.656
0.5,0.657
0.5,0.658
0.5,0.659
0.5,0.66
0.5,0.661
0.5,0.662
0.5,0.663
0.5,0.664
0.5,0.665
0.5,0.666
0.5,0.667
0.5,0.668
0.5,0.669
0.5,0.67
0.5,0.671
0.5,0.672
0.5,0.673
0.5,0.674
0.5,0.675
0.5,0.676
0.5,0.677
0.5,0.678
0.5,0.679
0.5,0.68
0.5,0.681
0.5,0.682
0.5,0.683
0.5,0.684
0.5,0.685
0.5,0.686
0.5,0.687
0.5,0.688
0.5,0.689
0.5,0.69
0.5,0.691
0.5,0.692
0.5,0.693
0.5,0.694
0.5,0.695
0.5,0.696
0.5,0.697
0.5,0.698
0.5,0.699
0.5,0.7
0.5,0.701
0.5,0.702
0.5,0.703
0.5,0.704
0.5,0.705
0.5,0.706
0.5,0.707
0.5,0.708
0.5,0.709
0.5,0.71
0.5,0.711
0.5,0.712
0.5,0.713
0.5,0.714
0.5,0.715
0.5,0.716
0.5,0.717
0.5,0.718
0.5,0.719
0.5,0.72
0.5,0.721
0.5,0.722
0.5,0.723
0.5,0.724
0.5,0.725
0.5,0.726
0.5,0.727
0.5,0.728
0.5,0.729
0.5,0.73
0.5,0.731
0.5,0.732
0.5,0.733
0.5,0.734
0.5,0.735
0.5,0.736
0.5,0.737
0.5,0.738
0.5,0.739
0.5,0.74
0.5,0.741
0.5,0.742
0.5,0.743
0.5,0.744
0.5,0.745
0.5,0.746
0.5,0.747
0.5,0.748
0.5,0.749
0.5,0.75
0.5,0.751
0.5,0.752
0.5,0.753
0.5,0.754
0.5,0.755
0.5,0.756
0.5,0.757
0.5,0.758
0.5,0.759
0.5,0.76
0.5,0.761
0.5,0.762
0.5,0.763
0.5,0.764
0.5,0.765
0.5,0.766
0.5,0.767
0.5,0.768
0.5,0.769
0.5,0.77
0.5,0.771
0.5,0.772
0.5,0.773
0.5,0.774
0.5,0.775
0.5,0.776
0.5,0.777
0.5,0.778
0.5,0.779
0.5,0.78
0.5,0.781
0.5,0.782
0.5,0.783
0.5,0.784
0.5,0.785
0.5,0.786
0.5,0.787
0.5,0.788
0.5,0.789
0.5,0.79
0.5,0.791
0.5,0.792
0.5,0.793
0.5,0.794
0.5,0.795
0.5,0.796
0.5,0.797
0.5,0.798
0.5,0.799
0.5,0.8
0.5,0.801
0.5,0.802
0.5,0.803
0.5,0.804
0.5,0.805
0.5,0.806
0.5,0.807
0.5,0.808
0.5,0.809
0.5,0.81
0.5,0.811
0.5,0.812
0.5,0.813
0.5,0.814
0.5,0.815
0.5,0.816
0.5,0.817
0.5,0.818
0.5,0.819
0.5,0.82
0.5,0.821
0.5,0.822
0.5,0.823
0.5,0.824
0.5,0.825
0.5,0.826
0.5,0.827
0.5,0.828
0.5,0.829
0.5,0.83
0.5,0.831
0.5,0.832
0.5,0.833
0.5,0.834
0.5,0.835
0.5,0.836
0.5,0.837
0.5,0.838
0.5,0.839
0.5,0.84
0.5,0.841
0.5,0.842
0.5,0.843
0.5,0.844
0.5,0.845
0.5,0.846
0.5,0.847
0.5,0.848
0.5,0.849
0.5,0.85
0.5,0.851
0.5,0.852
0.5,0.853
0.5,0.854
0.5,0.855
0.5,0.856
0.5,0.857
0.5,0.858
0.5,0.859
0.5,0.86
0.5,0.861
0.5,0.862
0.5,0.863
0.5,0.864
0.5,0.865
0.5,0.866
0.5,0.867
0.5,0.868
0.5,0.869
0.5,0.87
0.5,0.871
0.5,0.872
0.5,0.873
0.5,0.874
0.5,0.875
0.5,0.876
0.5,0.877
0.5,0.878
0.5,0.879
0.5,0.88
0.5,0.881
0.5,0.882
0.5,0.883
0.5,0.884
0.5,0.885
0.5,0.886
0.5,0.887
0.5,0.888
0.5,0.889
0.5,0.89
0.5,0.891
0.5,0.892
0.5,0.893
0.5,0.894
0.5,0.895
0.5,0.896
0.5,0.897
0.5,0.898
0.5,0.899
0.5,0.9
0.5,0.901
0.5,0.902
0.5,0.903
0.5,0.904
0.5,0.905
0.5,0.906
0.5,0.907
0.5,0.908
0.5,0.909
0.5,0.91
0.5,0.911
0.5,0.912
0.5,0.913
0.5,0.914
0.5,0.915
0.5,0.916
0.5,0.917
0.5,0.918
0.5,0.919
0.5,0.92
0.5,0.921
0.5,0.922
0.5,0.923
0.5,0.924
0.5,0.925
0.5,0.926
0.5,0.927
0.5,0.928
0.5,0.929
0.5,0.93
0.5,0.931
0.5,0.932
0.5,0.933
0.5,0.934
0.5,0.935
0.5,0.936
0.5,0.937
0.5,0.938
0.5,0.939
0.5,0.94
0.5,0.941
0.5,0.942
0.5,0.943
0.5,0.944
0.5,0.945
0.5,0.946
0.5,0.947
0.5,0.948
0.5,0.949
0.5,0.95
0.5,0.951
0.5,0.952
0.5,0.953
0.5,0.954
0.5,0.955
0.5,0.956
0.5,0.957
0.5,0.958
0.5,0.959
0.5,0.96
0.5,0.961
0.5,0.962
0.5,0.963
0.5,0.964
0.5,0.965
0.5,0.966
0.5,0.967
0.5,0.968
0.5,0.969
0.5,0.97
0.5,0.971
0.5,0.972
0.5,0.973
0.5,0.974
0.5,0.975
0.5,0.976
0.5,0.977
0.5,0.978
0.5,0.979
0.5,0.98
0.5,0.981
0.5,0.982
0.5,0.983
0.5,0.984
0.5,0.985
0.5,0.986
0.5,0.987
0.5,0.988
0.5,0.989
0.5,0.99
0.5,0.991
0.5,0.992
0.5,0.993
0.5,0.994
0.5,0.995
0.5,0.996
0.5,0.997
0.5,0.998
0.5,0.999
0.5,1
0.55,0
0.55,0.001
0.55,0.002
0.55,0.003
0.55,0.004
0.55,0.005
0.55,0.006
0.55,0.007
0.55,0.008
0.55,0.009
0.55,0.01
0.55,0.011
0.55,0.012
0.55,0.013
0.55,0.014
0.55,0.015
0.55,0.016
0.55,0.017
0.55,0.018
0.55,0.019
0.55,0.02
0.55,0.021
0.55,0.022
0.55,0.023
0.55,0.024
0.55,0.025
0.55,0.026
0.55,0.027
0.55,0.028
0.55,0.029
0.55,0.03
0.55,0.031
0.55,0.032
0.55,0.033
0.55,0.034
0.55,0.035
0.55,0.036
0.55,0.037
0.55,0.038
0.55,0.039
0.55,0.04
0.55,0.041
0.55,0.042
0.55,0.043
0.55,0.044
0.55,0.045
0.55,0.046
0.55,0.047
0.55,0.048
0.55,0.049
0.55,0.05
0.55,0.051
0.55,0.052
0.55,0.053
0.55,0.054
0.55,0.055
0.55,0.056
0.55,0.057
0.55,0.058
0.55,0.059
0.55,0.06
0.55,0.061
0.55,0.062
0.55,0.063
0.55,0.064
0.55,0.065
0.55,0.066
0.55,0.067
0.55,0.068
0.55,0.069
0.55,0.07
0.55,0.071
0.55,0.072
0.55,0.073
0.55,0.074
0.55,0.075
0.55,0.076
0.55,0.077
0.55,0.078
0.55,0.079
0.55,0.08
0.55,0.081
0.55,0.082
0.55,0.083
0.55,0.084
0.55,0.085
0.55,0.086
0.55,0.087
0.55,0.088
0.55,0.089
0.55,0.09
0.55,0.091
0.55,0.092
0.55,0.093
0.55,0.094
0.55,0.095
0.55,0.096
0.55,0.097
0.55,0.098
0.55,0.099
0.55,0.1
0.55,0.101
0.55,0.102
0.55,0.103
0.55,0.104
0.55,0.105
0.55,0.106
0.55,0.107
0.55,0.108
0.55,0.109
0.55,0.11
0.55,0.111
0.55,0.112
0.55,0.113
0.55,0.114
0.55,0.115
0.55,0.116
0.55,0.117
0.55,0.118
0.55,0.119
0.55,0.12
0.55,0.121
0.55,0.122
0.55,0.123
0.55,0.124
0.55,0.125
0.55,0.126
0.55,0.127
0.55,0.128
0.55,0.129
0.55,0.13
0.55,0.131
0.55,0.132
0.55,0.133
0.55,0.134
0.55,0.135
0.55,0.136
0.55,0.137
0.55,0.138
0.55,0.139
0.55,0.14
0.55,0.141
0.55,0.142
0.55,0.143
0.55,0.144
0.55,0.145
0.55,0.146
0.55,0.147
0.55,0.148
0.55,0.149
0.55,0.15
0.55,0.151
0.55,0.152
0.55,0.153
0.55,0.154
0.55,0.155
0.55,0.156
0.55,0.157
0.55,0.158
0.55,0.159
0.55,0.16
0.55,0.161
0.55,0.162
0.55,0.163
0.55,0.164
0.55,0.165
0.55,0.166
0.55,0.167
0.55,0.168
0.55,0.169
0.55,0.17
0.55,0.171
0.55,0.172
0.55,0.173
0.55,0.174
0.55,0.175
0.55,0.176
0.55,0.177
0.55,0.178
0.55,0.179
0.55,0.18
0.55,0.181
0.55,0.182
0.55,0.183
0.55,0.184
0.55,0.185
0.55,0.186
0.55,0.187
0.55,0.188
0.55,0.189
0.55,0.19
0.55,0.191
0.55,0.192
0.55,0.193
0.55,0.194
0.55,0.195
0.55,0.196
0.55,0.197
0.55,0.198
0.55,0.199
0.55,0.2
0.55,0.201
0.55,0.202
0.55,0.203
0.55,0.204
0.55,0.205
0.55,0.206
0.55,0.207
0.55,0.208
0.55,0.209
0.55,0.21
0.55,0.211
0.55,0.212
0.55,0.213
0.55,0.214
0.55,0.215
0.55,0.216
0.55,0.217
0.55,0.218
0.55,0.219
0.55,0.22
0.55,0.221
0.55,0.222
0.55,0.223
0.55,0.224
0.55,0.225
0.55,0.226
0.55,0.227
0.55,0.228
0.55,0.229
0.55,0.23
0.55,0.231
0.55,0.232
0.55,0.233
0.55,0.234
0.55,0.235
0.55,0.236
0.55,0.237
0.55,0.238
0.55,0.239
0.55,0.24
0.55,0.241
0.55,0.242
0.55,0.243
0.55,0.244
0.55,0.245
0.55,0.246
0.55,0.247
0.55,0.248
0.55,0.249
0.55,0.25
0.55,0.251
0.55,0.252
0.55,0.253
0.55,0.254
0.55,0.255
0.55,0.256
0.55,0.257
0.55,0.258
0.55,0.259
0.55,0.26
0.55,0.261
0.55,0.262
0.55,0.263
0.55,0.264
0.55,0.265
0.55,0.266
0.55,0.267
0.55,0.268
0.55,0.269
0.55,0.27
0.55,0.271
0.55,0.272
0.55,0.273
0.55,0.274
0.55,0.275
0.55,0.276
0.55,0.277
0.55,0.278
0.55,0.279
0.55,0.28
0.55,0.281
0.55,0.282
0.55,0.283
0.55,0.284
0.55,0.285
0.55,0.286
0.55,0.287
0.55,0.288
0.55,0.289
0.55,0.29
0.55,0.291
0.55,0.292
0.55,0.293
0.55,0.294
0.55,0.295
0.55,0.296
0.55,0.297
0.55,0.298
0.55,0.299
0.55,0.3
0.55,0.301
0.55,0.302
0.55,0.303
0.55,0.304
0.55,0.305
0.55,0.306
0.55,0.307
0.55,0.308
0.55,0.309
0.55,0.31
0.55,0.311
0.55,0.312
0.55,0.313
0.55,0.314
0.55,0.315
0.55,0.316
0.55,0.317
0.55,0.318
0.55,0.319
0.55,0.32
0.55,0.321
0.55,0.322
0.55,0.323
0.55,0.324
0.55,0.325
0.55,0.326
0.55,0.327
0.55,0.328
0.55,0.329
0.55,0.33
0.55,0.331
0.55,0.332
0.55,0.333
0.55,0.334
0.55,0.335
0.55,0.336
0.55,0.337
0.55,0.338
0.55,0.339
0.55,0.34
0.55,0.341
0.55,0.342
0.55,0.343
0.55,0.344
0.55,0.345
0.55,0.346
0.55,0.347
0.55,0.348
0.55,0.349
0.55,0.35
0.55,0.351
0.55,0.352
0.55,0.353
0.55,0.354
0.55,0.355
0.55,0.356
0.55,0.357
0.55,0.358
0.55,0.359
0.55,0.36
0.55,0.361
0.55,0.362
0.55,0.363
0.55,0.364
0.55,0.365
0.55,0.366
0.55,0.367
0.55,0.368
0.55,0.369
0.55,0.37
0.55,0.371
0.55,0.372
0.55,0.373
0.55,0.374
0.55,0.375
0.55,0.376
0.55,0.377
0.55,0.378
0.55,0.379
0.55,0.38
0.55,0.381
0.55,0.382
0.55,0.383
0.55,0.384
0.55,0.385
0.55,0.386
0.55,0.387
0.55,0.388
0.55,0.389
0.55,0.39
0.55,0.391
0.55,0.392
0.55,0.393
0.55,0.394
0.55,0.395
0.55,0.396
0.55,0.397
0.55,0.398
0.55,0.399
0.55,0.4
0.55,0.401
0.55,0.402
0.55,0.403
0.55,0.404
0.55,0.405
0.55,0.406
0.55,0.407
0.55,0.408
0.55,0.409
0.55,0.41
0.55,0.411
0.55,0.412
0.55,0.413
0.55,0.414
0.55,0.415
0.55,0.416
0.55,0.417
0.55,0.418
0.55,0.419
0.55,0.42
0.55,0.421
0.55,0.422
0.55,0.423
0.55,0.424
0.55,0.425
0.55,0.426
0.55,0.427
0.55,0.428
0.55,0.429
0.55,0.43
0.55,0.431
0.55,0.432
0.55,0.433
0.55,0.434
0.55,0.435
0.55,0.436
0.55,0.437
0.55,0.438
0.55,0.439
0.55,0.44
0.55,0.441
0.55,0.442
0.55,0.443
0.55,0.444
0.55,0.445
0.55,0.446
0.55,0.447
0.55,0.448
0.55,0.449
0.55,0.45
0.55,0.451
0.55,0.452
0.55,0.453
0.55,0.454
0.55,0.455
0.55,0.456
0.55,0.457
0.55,0.458
0.55,0.459
0.55,0.46
0.55,0.461
0.55,0.462
0.55,0.463
0.55,0.464
0.55,0.465
0.55,0.466
0.55,0.467
0.55,0.468
0.55,0.469
0.55,0.47
0.55,0.471
0.55,0.472
0.55,0.473
0.55,0.474
0.55,0.475
0.55,0.476
0.55,0.477
0.55,0.478
0.55,0.479
0.55,0.48
0.55,0.481
0.55,0.482
0.55,0.483
0.55,0.484
0.55,0.485
0.55,0.486
0.55,0.487
0.55,0.488
0.55,0.489
0.55,0.49
0.55,0.491
0.55,0.492
0.55,0.493
0.55,0.494
0.55,0.495
0.55,0.496
0.55,0.497
0.55,0.498
0.55,0.499
0.55,0.5
0.55,0.501
0.55,0.502
0.55,0.503
0.55,0.504
0.55,0.505
0.55,0.506
0.55,0.507
0.55,0.508
0.55,0.509
0.55,0.51
0.55,0.511
0.55,0.512
0.55,0.513
0.55,0.514
0.55,0.515
0.55,0.516
0.55,0.517
0.55,0.518
0.55,0.519
0.55,0.52
0.55,0.521
0.55,0.522
0.55,0.523
0.55,0.524
0.55,0.525
0.55,0.526
0.55,0.527
0.55,0.528
0.55,0.529
0.55,0.53
0.55,0.531
0.55,0.532
0.55,0.533
0.55,0.534
0.55,0.535
0.55,0.536
0.55,0.537
0.55,0.538
0.55,0.539
0.55,0.54
0.55,0.541
0.55,0.542
0.55,0.543
0.55,0.544
0.55,0.545
0.55,0.546
0.55,0.547
0.55,0.548
0.55,0.549
0.55,0.55
0.55,0.551
0.55,0.552
0.55,0.553
0.55,0.554
0.55,0.555
0.55,0.556
0.55,0.557
0.55,0.558
0.55,0.559
0.55,0.56
0.55,0.561
0.55,0.562
0.55,0.563
0.55,0.564
0.55,0.565
0.55,0.566
0.55,0.567
0.55,0.568
0.55,0.569
0.55,0.57
0.55,0.571
0.55,0.572
0.55,0.573
0.55,0.574
0.55,0.575
0.55,0.576
0.55,0.577
0.55,0.578
0.55,0.579
0.55,0.58
0.55,0.581
0.55,0.582
0.55,0.583
0.55,0.584
0.55,0.585
0.55,0.586
0.55,0.587
0.55,0.588
0.55,0.589
0.55,0.59
0.55,0.591
0.55,0.592
0.55,0.593
0.55,0.594
0.55,0.595
0.55,0.596
0.55,0.597
0.55,0.598
0.55,0.599
0.55,0.6
0.55,0.601
0.55,0.602
0.55,0.603
0.55,0.604
0.55,0.605
0.55,0.606
0.55,0.607
0.55,0.608
0.55,0.609
0.55,0.61
0.55,0.611
0.55,0.612
0.55,0.613
0.55,0.614
0.55,0.615
0.55,0.616
0.55,0.617
0.55,0.618
0.55,0.619
0.55,0.62
0.55,0.621
0.55,0.622
0.55,0.623
0.55,0.624
0.55,0.625
0.55,0.626
0.55,0.627
0.55,0.628
0.55,0.629
0.55,0.63
0.55,0.631
0.55,0.632
0.55,0.633
0.55,0.634
0.55,0.635
0.55,0.636
0.55,0.637
0.55,0.638
0.55,0.639
0.55,0.64
0.55,0.641
0.55,0.642
0.55,0.643
0.55,0.644
0.55,0.645
0.55,0.646
0.55,0.647
0.55,0.648
0.55,0.649
0.55,0.65
0.55,0.651
0.55,0.652
0.55,0.653
0.55,0.654
0.55,0.655
0.55,0.656
0.55,0.657
0.55,0.658
0.55,0.659
0.55,0.66
0.55,0.661
0.55,0.662
0.55,0.663
0.55,0.664
0.55,0.665
0.55,0.666
0.55,0.667
0.55,0.668
0.55,0.669
0.55,0.67
0.55,0.671
0.55,0.672
0.55,0.673
0.55,0.674
0.55,0.675
0.55,0.676
0.55,0.677
0.55,0.678
0.55,0.679
0.55,0.68
0.55,0.681
0.55,0.682
0.55,0.683
0.55,0.684
0.55,0.685
0.55,0.686
0.55,0.687
0.55,0.688
0.55,0.689
0.55,0.69
0.55,0.691
0.55,0.692
0.55,0.693
0.55,0.694
0.55,0.695
0.55,0.696
0.55,0.697
0.55,0.698
0.55,0.699
0.55,0.7
0.55,0.701
0.55,0.702
0.55,0.703
0.55,0.704
0.55,0.705
0.55,0.706
0.55,0.707
0.55,0.708
0.55,0.709
0.55,0.71
0.55,0.711
0.55,0.712
0.55,0.713
0.55,0.714
0.55,0.715
0.55,0.716
0.55,0.717
0.55,0.718
0.55,0.719
0.55,0.72
0.55,0.721
0.55,0.722
0.55,0.723
0.55,0.724
0.55,0.725
0.55,0.726
0.55,0.727
0.55,0.728
0.55,0.729
0.55,0.73
0.55,0.731
0.55,0.732
0.55,0.733
0.55,0.734
0.55,0.735
0.55,0.736
0.55,0.737
0.55,0.738
0.55,0.739
0.55,0.74
0.55,0.741
0.55,0.742
0.55,0.743
0.55,0.744
0.55,0.745
0.55,0.746
0.55,0.747
0.55,0.748
0.55,0.749
0.55,0.75
0.55,0.751
0.55,0.752
0.55,0.753
0.55,0.754
0.55,0.755
0.55,0.756
0.55,0.757
0.55,0.758
0.55,0.759
0.55,0.76
0.55,0.761
0.55,0.762
0.55,0.763
0.55,0.764
0.55,0.765
0.55,0.766
0.55,0.767
0.55,0.768
0.55,0.769
0.55,0.77
0.55,0.771
0.55,0.772
0.55,0.773
0.55,0.774
0.55,0.775
0.55,0.776
0.55,0.777
0.55,0.778
0.55,0.779
0.55,0.78
0.55,0.781
0.55,0.782
0.55,0.783
0.55,0.784
0.55,0.785
0.55,0.786
0.55,0.787
0.55,0.788
0.55,0.789
0.55,0.79
0.55,0.791
0.55,0.792
0.55,0.793
0.55,0.794
0.55,0.795
0.55,0.796
0.55,0.797
0.55,0.798
0.55,0.799
0.55,0.8
0.55,0.801
0.55,0.802
0.55,0.803
0.55,0.804
0.55,0.805
0.55,0.806
0.55,0.807
0.55,0.808
0.55,0.809
0.55,0.81
0.55,0.811
0.55,0.812
0.55,0.813
0.55,0.814
0.55,0.815
0.55,0.816
0.55,0.817
0.55,0.818
0.55,0.819
0.55,0.82
0.55,0.821
0.55,0.822
0.55,0.823
0.55,0.824
0.55,0.825
0.55,0.826
0.55,0.827
0.55,0.828
0.55,0.829
0.55,0.83
0.55,0.831
0.55,0.832
0.55,0.833
0.55,0.834
0.55,0.835
0.55,0.836
0.55,0.837
0.55,0.838
0.55,0.839
0.55,0.84
0.55,0.841
0.55,0.842
0.55,0.843
0.55,0.844
0.55,0.845
0.55,0.846
0.55,0.847
0.55,0.848
0.55,0.849
0.55,0.85
0.55,0.851
0.55,0.852
0.55,0.853
0.55,0.854
0.55,0.855
0.55,0.856
0.55,0.857
0.55,0.858
0.55,0.859
0.55,0.86
0.55,0.861
0.55,0.862
0.55,0.863
0.55,0.864
0.55,0.865
0.55,0.866
0.55,0.867
0.55,0.868
0.55,0.869
0.55,0.87
0.55,0.871
0.55,0.872
0.55,0.873
0.55,0.874
0.55,0.875
0.55,0.876
0.55,0.877
0.55,0.878
0.55,0.879
0.55,0.88
0.55,0.881
0.55,0.882
0.55,0.883
0.55,0.884
0.55,0.885
0.55,0.886
0.55,0.887
0.55,0.888
0.55,0.889
0.55,0.89
0.55,0.891
0.55,0.892
0.55,0.893
0.55,0.894
0.55,0.895
0.55,0.896
0.55,0.897
0.55,0.898
0.55,0.899
0.55,0.9
0.55,0.901
0.55,0.902
0.55,0.903
0.55,0.904
0.55,0.905
0.55,0.906
0.55,0.907
0.55,0.908
0.55,0.909
0.55,0.91
0.55,0.911
0.55,0.912
0.55,0.913
0.55,0.914
0.55,0.915
0.55,0.916
0.55,0.917
0.55,0.918
0.55,0.919
0.55,0.92
0.55,0.921
0.55,0.922
0.55,0.923
0.55,0.924
0.55,0.925
0.55,0.926
0.55,0.927
0.55,0.928
0.55,0.929
0.55,0.93
0.55,0.931
0.55,0.932
0.55,0.933
0.55,0.934
0.55,0.935
0.55,0.936
0.55,0.937
0.55,0.938
0.55,0.939
0.55,0.94
0.55,0.941
0.55,0.942
0.55,0.943
0.55,0.944
0.55,0.945
0.55,0.946
0.55,0.947
0.55,0.948
0.55,0.949
0.55,0.95
0.55,0.951
0.55,0.952
0.55,0.953
0.55,0.954
0.55,0.955
0.55,0.956
0.55,0.957
0.55,0.958
0.55,0.959
0.55,0.96
0.55,0.961
0.55,0.962
0.55,0.963
0.55,0.964
0.55,0.965
0.55,0.966
0.55,0.967
0.55,0.968
0.55,0.969
0.55,0.97
0.55,0.971
0.55,0.972
0.55,0.973
0.55,0.974
0.55,0.975
0.55,0.976
0.55,0.977
0.55,0.978
0.55,0.979
0.55,0.98
0.55,0.981
0.55,0.982
0.55,0.983
0.55,0.984
0.55,0.985
0.55,0.986
0.55,0.987
0.55,0.988
0.55,0.989
0.55,0.99
0.55,0.991
0.55,0.992
0.55,0.993
0.55,0.994
0.55,0.995
0.55,0.996
0.55,0.997
0.55,0.998
0.55,0.999
0.55,1
0.6,0
0.6,0.001
0.6,0.002
0.6,0.003
0.6,0.004
0.6,0.005
0.6,0.006
0.6,0.007
0.6,0.008
0.6,0.009
0.6,0.01
0.6,0.011
0.6,0.012
0.6,0.013
0.6,0.014
0.6,0.015
0.6,0.016
0.6,0.017
0.6,0.018
0.6,0.019
0.6,0.02
0.6,0.021
0.6,0.022
0.6,0.023
0.6,0.024
0.6,0.025
0.6,0.026
0.6,0.027
0.6,0.028
0.6,0.029
0.6,0.03
0.6,0.031
0.6,0.032
0.6,0.033
0.6,0.034
0.6,0.035
0.6,0.036
0.6,0.037
0.6,0.038
0.6,0.039
0.6,0.04
0.6,0.041
0.6,0.042
0.6,0.043
0.6,0.044
0.6,0.045
0.6,0.046
0.6,0.047
0.6,0.048
0.6,0.049
0.6,0.05
0.6,0.051
0.6,0.052
0.6,0.053
0.6,0.054
0.6,0.055
0.6,0.056
0.6,0.057
0.6,0.058
0.6,0.059
0.6,0.06
0.6,0.061
0.6,0.062
0.6,0.063
0.6,0.064
0.6,0.065
0.6,0.066
0.6,0.067
0.6,0.068
0.6,0.069
0.6,0.07
0.6,0.071
0.6,0.072
0.6,0.073
0.6,0.074
0.6,0.075
0.6,0.076
0.6,0.077
0.6,0.078
0.6,0.079
0.6,0.08
0.6,0.081
0.6,0.082
0.6,0.083
0.6,0.084
0.6,0.085
0.6,0.086
0.6,0.087
0.6,0.088
0.6,0.089
0.6,0.09
0.6,0.091
0.6,0.092
0.6,0.093
0.6,0.094
0.6,0.095
0.6,0.096
0.6,0.097
0.6,0.098
0.6,0.099
0.6,0.1
0.6,0.101
0.6,0.102
0.6,0.103
0.6,0.104
0.6,0.105
0.6,0.106
0.6,0.107
0.6,0.108
0.6,0.109
0.6,0.11
0.6,0.111
0.6,0.112
0.6,0.113
0.6,0.114
0.6,0.115
0.6,0.116
0.6,0.117
0.6,0.118
0.6,0.119
0.6,0.12
0.6,0.121
0.6,0.122
0.6,0.123
0.6,0.124
0.6,0.125
0.6,0.126
0.6,0.127
0.6,0.128
0.6,0.129
0.6,0.13
0.6,0.131
0.6,0.132
0.6,0.133
0.6,0.134
0.6,0.135
0.6,0.136
0.6,0.137
0.6,0.138
0.6,0.139
0.6,0.14
0.6,0.141
0.6,0.142
0.6,0.143
0.6,0.144
0.6,0.145
0.6,0.146
0.6,0.147
0.6,0.148
0.6,0.149
0.6,0.15
0.6,0.151
0.6,0.152
0.6,0.153
0.6,0.154
0.6,0.155
0.6,0.156
0.6,0.157
0.6,0.158
0.6,0.159
0.6,0.16
0.6,0.161
0.6,0.162
0.6,0.163
0.6,0.164
0.6,0.165
0.6,0.166
0.6,0.167
0.6,0.168
0.6,0.169
0.6,0.17
0.6,0.171
0.6,0.172
0.6,0.173
0.6,0.174
0.6,0.175
0.6,0.176
0.6,0.177
0.6,0.178
0.6,0.179
0.6,0.18
0.6,0.181
0.6,0.182
0.6,0.183
0.6,0.184
0.6,0.185
0.6,0.186
0.6,0.187
0.6,0.188
0.6,0.189
0.6,0.19
0.6,0.191
0.6,0.192
0.6,0.193
0.6,0.194
0.6,0.195
0.6,0.196
0.6,0.197
0.6,0.198
0.6,0.199
0.6,0.2
0.6,0.201
0.6,0.202
0.6,0.203
0.6,0.204
0.6,0.205
0.6,0.206
0.6,0.207
0.6,0.208
0.6,0.209
0.6,0.21
0.6,0.211
0.6,0.212
0.6,0.213
0.6,0.214
0.6,0.215
0.6,0.216
0.6,0.217
0.6,0.218
0.6,0.219
0.6,0.22
0.6,0.221
0.6,0.222
0.6,0.223
0.6,0.224
0.6,0.225
0.6,0.226
0.6,0.227
0.6,0.228
0.6,0.229
0.6,0.23
0.6,0.231
0.6,0.232
0.6,0.233
0.6,0.234
0.6,0.235
0.6,0.236
0.6,0.237
0.6,0.238
0.6,0.239
0.6,0.24
0.6,0.241
0.6,0.242
0.6,0.243
0.6,0.244
0.6,0.245
0.6,0.246
0.6,0.247
0.6,0.248
0.6,0.249
0.6,0.25
0.6,0.251
0.6,0.252
0.6,0.253
0.6,0.254
0.6,0.255
0.6,0.256
0.6,0.257
0.6,0.258
0.6,0.259
0.6,0.26
0.6,0.261
0.6,0.262
0.6,0.263
0.6,0.264
0.6,0.265
0.6,0.266
0.6,0.267
0.6,0.268
0.6,0.269
0.6,0.27
0.6,0.271
0.6,0.272
0.6,0.273
0.6,0.274
0.6,0.275
0.6,0.276
0.6,0.277
0.6,0.278
0.6,0.279
0.6,0.28
0.6,0.281
0.6,0.282
0.6,0.283
0.6,0.284
0.6,0.285
0.6,0.286
0.6,0.287
0.6,0.288
0.6,0.289
0.6,0.29
0.6,0.291
0.6,0.292
0.6,0.293
0.6,0.294
0.6,0.295
0.6,0.296
0.6,0.297
0.6,0.298
0.6,0.299
0.6,0.3
0.6,0.301
0.6,0.302
0.6,0.303
0.6,0.304
0.6,0.305
0.6,0.306
0.6,0.307
0.6,0.308
0.6,0.309
0.6,0.31
0.6,0.311
0.6,0.312
0.6,0.313
0.6,0.314
0.6,0.315
0.6,0.316
0.6,0.317
0.6,0.318
0.6,0.319
0.6,0.32
0.6,0.321
0.6,0.322
0.6,0.323
0.6,0.324
0.6,0.325
0.6,0.326
0.6,0.327
0.6,0.328
0.6,0.329
0.6,0.33
0.6,0.331
0.6,0.332
0.6,0.333
0.6,0.334
0.6,0.335
0.6,0.336
0.6,0.337
0.6,0.338
0.6,0.339
0.6,0.34
0.6,0.341
0.6,0.342
0.6,0.343
0.6,0.344
0.6,0.345
0.6,0.346
0.6,0.347
0.6,0.348
0.6,0.349
0.6,0.35
0.6,0.351
0.6,0.352
0.6,0.353
0.6,0.354
0.6,0.355
0.6,0.356
0.6,0.357
0.6,0.358
0.6,0.359
0.6,0.36
0.6,0.361
0.6,0.362
0.6,0.363
0.6,0.364
0.6,0.365
0.6,0.366
0.6,0.367
0.6,0.368
0.6,0.369
0.6,0.37
0.6,0.371
0.6,0.372
0.6,0.373
0.6,0.374
0.6,0.375
0.6,0.376
0.6,0.377
0.6,0.378
0.6,0.379
0.6,0.38
0.6,0.381
0.6,0.382
0.6,0.383
0.6,0.384
0.6,0.385
0.6,0.386
0.6,0.387
0.6,0.388
0.6,0.389
0.6,0.39
0.6,0.391
0.6,0.392
0.6,0.393
0.6,0.394
0.6,0.395
0.6,0.396
0.6,0.397
0.6,0.398
0.6,0.399
0.6,0.4
0.6,0.401
0.6,0.402
0.6,0.403
0.6,0.404
0.6,0.405
0.6,0.406
0.6,0.407
0.6,0.408
0.6,0.409
0.6,0.41
0.6,0.411
0.6,0.412
0.6,0.413
0.6,0.414
0.6,0.415
0.6,0.416
0.6,0.417
0.6,0.418
0.6,0.419
0.6,0.42
0.6,0.421
0.6,0.422
0.6,0.423
0.6,0.424
0.6,0.425
0.6,0.426
0.6,0.427
0.6,0.428
0.6,0.429
0.6,0.43
0.6,0.431
0.6,0.432
0.6,0.433
0.6,0.434
0.6,0.435
0.6,0.436
0.6,0.437
0.6,0.438
0.6,0.439
0.6,0.44
0.6,0.441
0.6,0.442
0.6,0.443
0.6,0.444
0.6,0.445
0.6,0.446
0.6,0.447
0.6,0.448
0.6,0.449
0.6,0.45
0.6,0.451
0.6,0.452
0.6,0.453
0.6,0.454
0.6,0.455
0.6,0.456
0.6,0.457
0.6,0.458
0.6,0.459
0.6,0.46
0.6,0.461
0.6,0.462
0.6,0.463
0.6,0.464
0.6,0.465
0.6,0.466
0.6,0.467
0.6,0.468
0.6,0.469
0.6,0.47
0.6,0.471
0.6,0.472
0.6,0.473
0.6,0.474
0.6,0.475
0.6,0.476
0.6,0.477
0.6,0.478
0.6,0.479
0.6,0.48
0.6,0.481
0.6,0.482
0.6,0.483
0.6,0.484
0.6,0.485
0.6,0.486
0.6,0.487
0.6,0.488
0.6,0.489
0.6,0.49
0.6,0.491
0.6,0.492
0.6,0.493
0.6,0.494
0.6,0.495
0.6,0.496
0.6,0.497
0.6,0.498
0.6,0.499
0.6,0.5
0.6,0.501
0.6,0.502
0.6,0.503
0.6,0.504
0.6,0.505
0.6,0.506
0.6,0.507
0.6,0.508
0.6,0.509
0.6,0.51
0.6,0.511
0.6,0.512
0.6,0.513
0.6,0.514
0.6,0.515
0.6,0.516
0.6,0.517
0.6,0.518
0.6,0.519
0.6,0.52
0.6,0.521
0.6,0.522
0.6,0.523
0.6,0.524
0.6,0.525
0.6,0.526
0.6,0.527
0.6,0.528
0.6,0.529
0.6,0.53
0.6,0.531
0.6,0.532
0.6,0.533
0.6,0.534
0.6,0.535
0.6,0.536
0.6,0.537
0.6,0.538
0.6,0.539
0.6,0.54
0.6,0.541
0.6,0.542
0.6,0.543
0.6,0.544
0.6,0.545
0.6,0.546
0.6,0.547
0.6,0.548
0.6,0.549
0.6,0.55
0.6,0.551
0.6,0.552
0.6,0.553
0.6,0.554
0.6,0.555
0.6,0.556
0.6,0.557
0.6,0.558
0.6,0.559
0.6,0.56
0.6,0.561
0.6,0.562
0.6,0.563
0.6,0.564
0.6,0.565
0.6,0.566
0.6,0.567
0.6,0.568
0.6,0.569
0.6,0.57
0.6,0.571
0.6,0.572
0.6,0.573
0.6,0.574
0.6,0.575
0.6,0.576
0.6,0.577
0.6,0.578
0.6,0.579
0.6,0.58
0.6,0.581
0.6,0.582
0.6,0.583
0.6,0.584
0.6,0.585
0.6,0.586
0.6,0.587
0.6,0.588
0.6,0.589
0.6,0.59
0.6,0.591
0.6,0.592
0.6,0.593
0.6,0.594
0.6,0.595
0.6,0.596
0.6,0.597
0.6,0.598
0.6,0.599
0.6,0.6
0.6,0.601
0.6,0.602
0.6,0.603
0.6,0.604
0.6,0.605
0.6,0.606
0.6,0.607
0.6,0.608
0.6,0.609
0.6,0.61
0.6,0.611
0.6,0.612
0.6,0.613
0.6,0.614
0.6,0.615
0.6,0.616
0.6,0.617
0.6,0.618
0.6,0.619
0.6,0.62
0.6,0.621
0.6,0.622
0.6,0.623
0.6,0.624
0.6,0.625
0.6,0.626
0.6,0.627
0.6,0.628
0.6,0.629
0.6,0.63
0.6,0.631
0.6,0.632
0.6,0.633
0.6,0.634
0.6,0.635
0.6,0.636
0.6,0.637
0.6,0.638
0.6,0.639
0.6,0.64
0.6,0.641
0.6,0.642
0.6,0.643
0.6,0.644
0.6,0.645
0.6,0.646
0.6,0.647
0.6,0.648
0.6,0.649
0.6,0.65
0.6,0.651
0.6,0.652
0.6,0.653
0.6,0.654
0.6,0.655
0.6,0.656
0.6,0.657
0.6,0.658
0.6,0.659
0.6,0.66
0.6,0.661
0.6,0.662
0.6,0.663
0.6,0.664
0.6,0.665
0.6,0.666
0.6,0.667
0.6,0.668
0.6,0.669
0.6,0.67
0.6,0.671
0.6,0.672
0.6,0.673
0.6,0.674
0.6,0.675
0.6,0.676
0.6,0.677
0.6,0.678
0.6,0.679
0.6,0.68
0.6,0.681
0.6,0.682
0.6,0.683
0.6,0.684
0.6,0.685
0.6,0.686
0.6,0.687
0.6,0.688
0.6,0.689
0.6,0.69
0.6,0.691
0.6,0.692
0.6,0.693
0.6,0.694
0.6,0.695
0.6,0.696
0.6,0.697
0.6,0.698
0.6,0.699
0.6,0.7
0.6,0.701
0.6,0.702
0.6,0.703
0.6,0.704
0.6,0.705
0.6,0.706
0.6,0.707
0.6,0.708
0.6,0.709
0.6,0.71
0.6,0.711
0.6,0.712
0.6,0.713
0.6,0.714
0.6,0.715
0.6,0.716
0.6,0.717
0.6,0.718
0.6,0.719
0.6,0.72
0.6,0.721
0.6,0.722
0.6,0.723
0.6,0.724
0.6,0.725
0.6,0.726
0.6,0.727
0.6,0.728
0.6,0.729
0.6,0.73
0.6,0.731
0.6,0.732
0.6,0.733
0.6,0.734
0.6,0.735
0.6,0.736
0.6,0.737
0.6,0.738
0.6,0.739
0.6,0.74
0.6,0.741
0.6,0.742
0.6,0.743
0.6,0.744
0.6,0.745
0.6,0.746
0.6,0.747
0.6,0.748
0.6,0.749
0.6,0.75
0.6,0.751
0.6,0.752
0.6,0.753
0.6,0.754
0.6,0.755
0.6,0.756
0.6,0.757
0.6,0.758
0.6,0.759
0.6,0.76
0.6,0.761
0.6,0.762
0.6,0.763
0.6,0.764
0.6,0.765
0.6,0.766
0.6,0.767
0.6,0.768
0.6,0.769
0.6,0.77
0.6,0.771
0.6,0.772
0.6,0.773
0.6,0.774
0.6,0.775
0.6,0.776
0.6,0.777
0.6,0.778
0.6,0.779
0.6,0.78
0.6,0.781
0.6,0.782
0.6,0.783
0.6,0.784
0.6,0.785
0.6,0.786
0.6,0.787
0.6,0.788
0.6,0.789
0.6,0.79
0.6,0.791
0.6,0.792
0.6,0.793
0.6,0.794
0.6,0.795
0.6,0.796
0.6,0.797
0.6,0.798
0.6,0.799
0.6,0.8
0.6,0.801
0.6,0.802
0.6,0.803
0.6,0.804
0.6,0.805
0.6,0.806
0.6,0.807
0.6,0.808
0.6,0.809
0.6,0.81
0.6,0.811
0.6,0.812
0.6,0.813
0.6,0.814
0.6,0.815
0.6,0.816
0.6,0.817
0.6,0.818
0.6,0.819
0.6,0.82
0.6,0.821
0.6,0.822
0.6,0.823
0.6,0.824
0.6,0.825
0.6,0.826
0.6,0.827
0.6,0.828
0.6,0.829
0.6,0.83
0.6,0.831
0.6,0.832
0.6,0.833
0.6,0.834
0.6,0.835
0.6,0.836
0.6,0.837
0.6,0.838
0.6,0.839
0.6,0.84
0.6,0.841
0.6,0.842
0.6,0.843
0.6,0.844
0.6,0.845
0.6,0.846
0.6,0.847
0.6,0.848
0.6,0.849
0.6,0.85
0.6,0.851
0.6,0.852
0.6,0.853
0.6,0.854
0.6,0.855
0.6,0.856
0.6,0.857
0.6,0.858
0.6,0.859
0.6,0.86
0.6,0.861
0.6,0.862
0.6,0.863
0.6,0.864
0.6,0.865
0.6,0.866
0.6,0.867
0.6,0.868
0.6,0.869
0.6,0.87
0.6,0.871
0.6,0.872
0.6,0.873
0.6,0.874
0.6,0.875
0.6,0.876
0.6,0.877
0.6,0.878
0.6,0.879
0.6,0.88
0.6,0.881
0.6,0.882
0.6,0.883
0.6,0.884
0.6,0.885
0.6,0.886
0.6,0.887
0.6,0.888
0.6,0.889
0.6,0.89
0.6,0.891
0.6,0.892
0.6,0.893
0.6,0.894
0.6,0.895
0.6,0.896
0.6,0.897
0.6,0.898
0.6,0.899
0.6,0.9
0.6,0.901
0.6,0.902
0.6,0.903
0.6,0.904
0.6,0.905
0.6,0.906
0.6,0.907
0.6,0.908
0.6,0.909
0.6,0.91
0.6,0.911
0.6,0.912
0.6,0.913
0.6,0.914
0.6,0.915
0.6,0.916
0.6,0.917
0.6,0.918
0.6,0.919
0.6,0.92
0.6,0.921
0.6,0.922
0.6,0.923
0.6,0.924
0.6,0.925
0.6,0.926
0.6,0.927
0.6,0.928
0.6,0.929
0.6,0.93
0.6,0.931
0.6,0.932
0.6,0.933
0.6,0.934
0.6,0.935
0.6,0.936
0.6,0.937
0.6,0.938
0.6,0.939
0.6,0.94
0.6,0.941
0.6,0.942
0.6,0.943
0.6,0.944
0.6,0.945
0.6,0.946
0.6,0.947
0.6,0.948
0.6,0.949
0.6,0.95
0.6,0.951
0.6,0.952
0.6,0.953
0.6,0.954
0.6,0.955
0.6,0.956
0.6,0.957
0.6,0.958
0.6,0.959
0.6,0.96
0.6,0.961
0.6,0.962
0.6,0.963
0.6,0.964
0.6,0.965
0.6,0.966
0.6,0.967
0.6,0.968
0.6,0.969
0.6,0.97
0.6,0.971
0.6,0.972
0.6,0.973
0.6,0.974
0.6,0.975
0.6,0.976
0.6,0.977
0.6,0.978
0.6,0.979
0.6,0.98
0.6,0.981
0.6,0.982
0.6,0.983
0.6,0.984
0.6,0.985
0.6,0.986
0.6,0.987
0.6,0.988
0.6,0.989
0.6,0.99
0.6,0.991
0.6,0.992
0.6,0.993
0.6,0.994
0.6,0.995
0.6,0.996
0.6,0.997
0.6,0.998
0.6,0.999
0.6,1
